{
  "name": "Mindspark Theme",
  "description": "ثيم عربي تعليمي توعوي لعرض منتجات رقمية باستخدام الذكاء الاصطناعي.",
  "version": "1.0.0",
  "author": "Mindspark Team",
  "screenshots": [
    "assets/images/screenshot.png"
  ],
  "pages": [
    {
      "name": "الرئيسية",
      "file": "index.html"
    },
    {
      "name": "منتج",
      "file": "product.html"
    },
    {
      "name": "تواصل معنا",
      "file": "contact.html"
    }
  ]
}